[
    {
        "date": "App Design - June 20, 2022",
        "title": "Redesign channel website landng page",
        "image" : "https://i.dummyjson.com/data/products/9/1.jpg"
    },
    {
        "date": "App Design - June 20, 2022",
        "title": "Redesign channel website landng page",
        "image" : "https://i.dummyjson.com/data/products/9/1.jpg"
    },
    {
        "date": "App Design - June 20, 2022",
        "title": "Redesign channel website landng page",
        "image" : "https://i.dummyjson.com/data/products/9/1.jpg"
    },
    {
        "date": "App Design - June 20, 2022",
        "title": "Redesign channel website landng page",
        "image" : "https://i.dummyjson.com/data/products/9/1.jpg"
    }
]





