[
    {
        "id": "1",
        "title": "Lorem ipsum dolor sit consectutar",
        "img": "https://i.ibb.co/DDRnBC0/project-1.png"
    },
    {
        "id": "2",
        "title": "Lorem ipsum dolor sit consectutar",
        "img": "https://i.ibb.co/Fwwwsk1/project-2.png"
    },
    {
        "id": "3",
        "title": "Lorem ipsum dolor sit consectutar",
        "img": "https://i.ibb.co/Jnr4LLX/project-3.png"
    },
    {
        "id": "4",
        "title": "Lorem ipsum dolor sit consectutar",
        "img": "https://i.ibb.co/7XdmDJf/project-4.png"
    },
    {
        "id": "5",
        "title": "Lorem ipsum dolor sit consectutar",
        "img": "https://i.ibb.co/m5HqsL1/project-5.png"
    },
    {
        "id": "6",
        "title": "Lorem ipsum dolor sit consectutar",
        "img": "https://i.ibb.co/6wHmz5p/project-6.png"
    }
]






