[
    {
        "title": "Build & Launch without problems",
        "des": "Increase your team’s productivity and save time with a bot that answers and fields customer inquiries",
        "img": "https://i.ibb.co/mTpky7s/service-1.jpg"
    },
    {
        "title": "Build & Launch without problems",
        "des": "Increase your team’s productivity and save time with a bot that answers and fields customer inquiries",
        "img": "https://i.ibb.co/Rg2zdJP/service-2.jpg"
    },
    {
        "title": "Build & Launch without problems",
        "des": "Increase your team’s productivity and save time with a bot that answers and fields customer inquiries",
        "img": "https://i.ibb.co/LpcQf5J/service-3.jpg"
    },
    {
        "title": "Build & Launch without problems",
        "des": "Increase your team’s productivity and save time with a bot that answers and fields customer inquiries",
        "img": "https://i.ibb.co/Th1k42w/service-4.jpg"
    }
]





