[
    {
      "icon": "https://i.ibb.co/Gd2JbnJ/frist-Icon.png",
      "title": "Grow Your Business",
      "description": "We help identify the best ways to improve your business."
    },
    {
      "icon": "https://i.ibb.co/SvFywgr/second-Icon.png",
      "title": "Improve Brand Loyalty",
      "description": "We help identify the best ways to improve your business."
    },
    {
      "icon": "https://i.ibb.co/jGgdDDV/third-Icon.png",
      "title": "Improve Business Model",
      "description": "We help identify the best ways to improve your business."
    }
  ]
  